{
  "Total" : {
    "transaction" : "Total",
    "sampleCount" : 150,
    "errorCount" : 0,
    "errorPct" : 0.0,
    "meanResTime" : 72.1133333333333,
    "medianResTime" : 4.0,
    "minResTime" : 3.0,
    "maxResTime" : 234.0,
    "pct1ResTime" : 211.0,
    "pct2ResTime" : 215.0,
    "pct3ResTime" : 231.96000000000004,
    "throughput" : 4.970343616422015,
    "receivedKBytesPerSec" : 2.1162791179296865,
    "sentKBytesPerSec" : 1.5419067273600848
  },
  "POST /api/auth/login" : {
    "transaction" : "POST /api/auth/login",
    "sampleCount" : 50,
    "errorCount" : 0,
    "errorPct" : 0.0,
    "meanResTime" : 207.68,
    "medianResTime" : 203.5,
    "minResTime" : 200.0,
    "maxResTime" : 234.0,
    "pct1ResTime" : 218.8,
    "pct2ResTime" : 227.24999999999997,
    "pct3ResTime" : 234.0,
    "throughput" : 1.6938816993021206,
    "receivedKBytesPerSec" : 0.5872343781760282,
    "sentKBytesPerSec" : 0.4317413315604038
  },
  "GET /api/productos" : {
    "transaction" : "GET /api/productos",
    "sampleCount" : 50,
    "errorCount" : 0,
    "errorPct" : 0.0,
    "meanResTime" : 4.2799999999999985,
    "medianResTime" : 3.0,
    "minResTime" : 3.0,
    "maxResTime" : 26.0,
    "pct1ResTime" : 4.0,
    "pct2ResTime" : 13.549999999999919,
    "pct3ResTime" : 26.0,
    "throughput" : 1.7034033999931864,
    "receivedKBytesPerSec" : 1.0529827658161006,
    "sentKBytesPerSec" : 0.31273421796749906
  },
  "POST /api/comentarios" : {
    "transaction" : "POST /api/comentarios",
    "sampleCount" : 50,
    "errorCount" : 0,
    "errorPct" : 0.0,
    "meanResTime" : 4.38,
    "medianResTime" : 4.0,
    "minResTime" : 3.0,
    "maxResTime" : 10.0,
    "pct1ResTime" : 5.0,
    "pct2ResTime" : 5.0,
    "pct3ResTime" : 10.0,
    "throughput" : 1.7057860262008735,
    "receivedKBytesPerSec" : 0.533058133187773,
    "sentKBytesPerSec" : 0.8395665597707423
  }
}